First,Last
John,Smith
Jane,Johnson
Michael,Williams
Emily,Brown
David,Jones
Sarah,Garcia
Chris,Miller
Laura,Davis
James,Martinez
Anna,Lopez
Robert,Taylor
Lisa,Moore
Daniel,Harris
Amy,Clark
Kevin,Lewis
Jessica,Lee
Brian,Walker
Megan,Hall
Andrew,Young
Rachel,Allen
Thomas,King
Olivia,Wright
Charles,Scott
Karen,Green
Paul,Adams
Emma,Nelson
Mark,Baker
Ashley,Hill
Steven,Perez
Linda,Roberts
Joshua,Mitchell
Stephanie,Carter
Anthony,Phillips
Rebecca,Evans
Jason,Turner
Kimberly,Campbell
Matthew,Parker
Angela,Edwards
Justin,Collins
Jennifer,Stewart
Brandon,Morris
Michelle,Sanchez
Jonathan,Rogers
Melissa,Reed
Aaron,Cook
Heather,Morgan
Ryan,Murphy
Christine,Bell
Nicholas,Bailey
Patricia,Rivera
Gregory,Cooper
Samantha,Richardson
Eric,Cox
Katherine,Howard
Nathan,Ward
Amanda,Russell
Adam,Jenkins
Victoria,Foster
Scott,Powell
Nicole,Simmons
Patrick,Patterson
Danielle,Long
Sean,Hughes
Brittany,Perry
Tyler,Butler
Lauren,Jenkins
George,Simmons
Elizabeth,Jenkins
Richard,Brooks
Sandra,Wood
Frank,Bennett
Megan,Gray
Edward,Hayes
Courtney,Hughes
Benjamin,Ross
Julie,Myers
Alexander,Price
Natalie,Bryant
Samuel,Powell
Deborah,Ward
Zachary,Rogers
Abigail,Scott
Kenneth,Reed
Jacqueline,Cooper
Jerry,Bailey
Sabrina,Jenkins
Phillip,Evans
Holly,Hayes
Carl,Butler
Vanessa,Patterson
Harold,Gray
Denise,Hughes
Brandon,Wood
Erica,Harris
Craig,Simmons
Marissa,Price
Bruce,Perry
Allison,Stewart
Gabriel,Martinez
